i,1524
you,1284
die,1019
ass,735
will,577
to,458
kill,412
and,375
the,294
your,266
going,254
am,248
if,197
a,186
yourself,173
must,165
jim,158
wales,157
supertr0ll,147
it,134
ban,131
of,129
in,127
murder,105
block,101
don't,95
page,93
edie,90
di,90
fucking,88
live,88
fuck,82
pathetic,80
talk,80
that,79
forever,78
my,78
respect,75
fool,74
on,74
rvv,68
are,67
blank,67
out,67
me,66
be,65
is,64
fuckin,63
lifetime,58
i'm,57
for,49
go,48
do,47
continue,46
with,45
this,44
off,43
have,42
youcaltlas,42
,41
gonna,40
again,40
bitch,40
get,39
or,38
shit,38
all,36
u,36
over,35
i'll,34
hope,34
take,33
up,31
so,30
not,30
bail,29
wanta,29
what,29
simpson,29
butthead,29
jessica,29
beavis,29
420,28
niggaz,28
you're,28
moonshine,28
no,27
just,27
life,27
like,27
fuckunblocklifetime,27
rape,26
caltlas,26
an,26
-,26
filter,25
dust,25
hell,25
who,24
password,24
steal,24
down,24
then,24
as,23
time,22
from,22
by,21
should,21
fat,21
about,21
stop,21
know,21
can,20
see,20
wikipedia,19
but,19
at,19
think,18
death,18
piece,18
im,18
where,17
they,17
hate,17
why,16
more,16
one,16
come,16
he,15
find,15
people,15
bastard,15
now,15
because,14
right,14
face,14
house,13
mother,13
edits,13
we,13
his,13
good,13
them,13
dead,13
dick,13
burn,13
been,13
being,13
little,13
wheelchairi,12
stupid,12
ya,12
was,12
want,12
would,12
faggot,12
user,12
article,12
delete,12
how,11
shoot,11
back,11
cunt,11
family,10
ever,10
world,10
last,10
please,10
give,10
gay,10
head,10
big,10
fire,10
her,10
loser,10
asshole,9
never,9
every,9
when,9
edit,9
white,9
did,9
some,9
fucker,9
than,9
here,9
next,9
into,9
has,9
watch,9
cut,9
there,9
even,9
billcj,9
were,8
need,8
other,8
deleting,8
raped,8
ur,8
wish,8
work,8
8d-,8
make,8
any,8
killed,8
which,8
articles,8
day,7
after,7
eat,7
until,7
won't,7
got,7
can't,7
said,7
editing,7
him,7
away,7
such,7
gun,7
understand,6
keep,6
worthless,6
hey,6
man,6
fact,6
their,6
dare,6
already,6
read,6
seriously,6
destroy,6
kick,6
thing,6
once,6
way,6
put,6
yardie,6
blocked,6
yo,6
grandma,6
jack,6
punch,6
before,6
god,6
warning,6
ill,6
well,6
long,5
2,5
blood,5
wiki,5
also,5
alive,5
cancer,5
call,5
ugly,5
nothing,5
idiot,5
cus,5
blocking,5
son,5
vagina,5
suck,5
believe,5
revert,5
ip,5
dont,5
better,5
hello,5
wrote,5
really,5
earth,5
only,5
anyone,5
shot,5
bloody,5
our,5
reverting,5
could,5
leave,5
planet,5
heart,5
much,5
try,5
stay,5
undoing,5
things,5
it's,5
balls,5
crap,4
upon,4
hi,4
bad,4
stabbing,4
someone,4
jew,4
hunt,4
suggest,4
fag,4
shall,4
cp,4
terri,4
came,4
top,4
jujube,4
first,4
through,4
old,4
hard,4
wikipediadestroy,4
person,4
that's,4
you'll,4
location,4
bullshit,4
prick,4
i've,4
penis,4
around,4
yes,4
jujubedestroy,4
wit,4
play,4
human,4
true,4
hours,4
shut,4
laugh,4
pages,4
deserve,4
account,4
beat,4
comment,4
mom,4
sayin,4
knock,4
wouldn't,4
maybe,4
those,4
cock,4
painful,4
alone,4
queer,4
fun,4
say,4
change,4
muhajirs,4
slowly,4
instead,4
entire,4
3,4
either,4
retards,4
wrong,4
wikipediadeath,4
track,4
free,4
whole,4
says,4
talking,4
goddamn,4
new,4
motherfucker,4
disgusting,4
children,4
hang,4
jujubefuck,4
evil,4
bit,3
point,3
site,3
step,3
looking,3
wow,3
content,3
saying,3
twat,3
miserable,3
girl,3
oh,3
pray,3
fucked,3
piss,3
minutes,3
nerd,3
full,3
ahead,3
tell,3
cause,3
favor,3
jewish,3
sleep,3
sad,3
shows,3
another,3
images,3
hitler,3
ps,3
scum,3
neck,3
jews,3
round,3
hear,3
drop,3
soul,3
bang,3
hopefully,3
everyone,3
listen,3
fagget,3
best,3
reverts,3
whoever,3
order,3
dog,3
important,3
called,3
end,3
wanker,3
afraid,3
threaten,3
single,3
doing,3
coming,3
rot,3
christians,3
too,3
thanks,3
nigger,3
its,3
name,3
care,3
notices,3
message,3
bring,3
had,3
thats,3
pain,3
war,3
friend,3
may,3
few,3
wat,3
ignorant,3
shitty,3
very,3
you’re,3
yeah,3
annoying,3
spent,3
skin,3
nigga,3
start,3
personal,3
anymore,3
look,3
wanna,3
own,3
internet,3
black,3
great,3
aint,3
mean,3
americans,3
years,3
website,3
offended,3
send,3
real,3
throw,3
makes,3
rule,3
sorry,3
homosexual,3
heil,3
throat,3
you've,3
self,3
boy,3
probably,3
us,3
same,3
making,3
da,3
bigger,3
painfully,3
plank,3
kind,3
information,3
thank,3
policies,2
force,2
major,2
eyes,2
ground,2
anti-vandalism,2
jerk,2
front,2
acting,2
d€ath,2
ips,2
protecting,2
fuckwit,2
myles,2
horribly,2
torture,2
warcraft,2
nice,2
biggest,2
corpse,2
pity,2
dispute,2
urinate,2
buisness,2
tour,2
butt,2
reversions,2
learn,2
sue,2
friend's,2
chick,2
mark,2
swear,2
swartz,2
confirmed,2
truth,2
serious,2
couldn't,2
three-revert,2
singapore,2
prepare,2
moments,2
college,2
forces,2
set,2
what's,2
remove,2
pig,2
spare,2
sir,2
criminal,2
re,2
express,2
boi,2
rapper,2
hack,2
parents,2
found,2
matter,2
claim,2
onto,2
honesty,2
done,2
rude,2
bash,2
doesn't,2
wack,2
members,2
rest,2
correct,2
bunch,2
enjoy,2
retard,2
beats,2
robe,2
wikistalking,2
repeatedly,2
uk,2
kiss,2
gross,2
unless,2
these,2
drown,2
t,2
sonek,2
slit,2
period,2
nobody,2
arrange,2
anus,2
mum,2
faggots,2
angry,2
commit,2
stick,2
e,2
whore,2
violating,2
cant,2
memorable,2
fiery,2
award,2
favour,2
hurt,2
sent,2
satan,2
guttyboy3daolcom,2
tight,2
crew,2
15,2
dumbass,2
bombed,2
serve,2
snitch,2
assholes,2
hoping,2
urself,2
days,2
crash,2
insult,2
undo,2
ll,2
group,2
intentions,2
search,2
iraq,2
warn,2
pull,2
honkey,2
freedom,2
aren't,2
useless,2
ago,2
lot,2
blow,2
given,2
humanity,2
limb,2
half,2
wipes,2
attack,2
army,2
hands,2
warhammer,2
rules,2
dirty,2
12,2
joke,2
effect,2
wait,2
church,2
nickel,2
choke,2
love,2
fascist,2
finally,2
threat,2
sure,2
lonely,2
feed,2
choice,2
pit,2
douche,2
nation,2
♠μōōšε♠,2
dies,2
heard,2
today,2
trash,2
wont,2
brains,2
pulp,2
shithead,2
aaron,2
night,2
hunger,2
vile,2
we'll,2
email,2
yuo,2
pineapple,2
year,2
splatter,2
4,2
stand,2
grow,2
trained,2
40000,2
racist,2
three,2
return,2
stomp,2
arse,2
troll,2
pets,2
remember,2
roast,2
body,2
makin,2
inbred,2
youre,2
w,2
teeth,2
bots,2
hit,2
both,2
blacks,2
ruined,2
used,2
niggers,2
issues,2
lame,2
orders,2
dude,2
happen,2
surgery,2
invading,2
users,2
future,2
hippie,2
killing,2
within,2
race,2
secret,2
perish,2
tool,2
noob,2
huh,2
jizz,2
yours,2
asyriac,2
vito,2
violate,2
sam,2
finland,2
semite,2
mad,2
ain't,2
10,2
6,2
i'd,2
prang,2
suicide,2
hair,2
execution-style,2
revenge,2
arrogant,2
goodbye,2
friends,2
shove,2
foolsupertr0ll,2
vengance,2
wear,2
use,2
irish,2
showers,2
pits,2
commenting,2
hated,2
sucka,2
warring,2
anything,2
light,2
guttyboy3d,2
barnstar,2
actually,2
left,2
men,2
speedy,2
utc,2
pussy,2
homo,2
wipe,2
didn't,2
slime,2
ki,2
kid,2
sex,2
vandolism,2
douchebag,2
multiple,2
word,2
filthy,2
motherfuckers,2
gets,2
people's,2
place,2
summer,2
bout,2
everything,2
skull,2
party,2
mr,2
kids,2
else,2
cares,2
guys,2
less,2
strangle,2
seems,2
storm,2
sucker,2
stabbed,2
car,2
iamthecoinman,2
deletin,2
under,2
pl0x,1
sincerly,1
highest,1
ediot,1
tings,1
politically,1
joined,1
most,1
awhile,1
bought,1
tevapedias,1
maggot,1
city,1
cleaning,1
window,1
parent,1
swarms,1
happy,1
returned,1
boss,1
kitten,1
stroke,1
enough,1
medicine,1
kno,1
blurb,1
comics,1
works,1
tongue,1
music,1
slap,1
zimzalabim,1
bone,1
barnabay,1
introduce,1
fuckin',1
moto,1
letterbox,1
monitors,1
reasons,1
mahonerz,1
required,1
assclown,1
someday,1
creature,1
threatening,1
previous,1
thieves,1
impaled,1
ghetto,1
prison,1
lazy,1
terrorism,1
high,1
razors,1
anf,1
united,1
isis,1
report,1
nair,1
guts,1
country,1
accordance,1
soon,1
errors,1
weird,1
shoving,1
died,1
1,1
wikize,1
lights,1
thru,1
foul,1
weight,1
banned,1
furnace,1
proverbial,1
anti-black,1
mess,1
servitude,1
absolutely,1
outside,1
handicaped,1
went,1
centuries,1
many,1
httpwikiuschallengecoinscommainpage,1
accountsuprise,1
bailey,1
home,1
graeme,1
totally,1
beaten,1
evidence,1
datz,1
mobile,1
morales,1
broke,1
anytime,1
freak,1
cracker,1
hayes,1
regarding,1
nu-metal,1
ip's,1
uneducated,1
courtesy,1
mothafucka,1
shouldn't,1
its',1
proud,1
don,1
note,1
perform,1
produced,1
passing,1
attempts,1
ima,1
gangsta,1
nationalist,1
mailman,1
placed,1
technically,1
u'd,1
refernce,1
bags,1
soil,1
hole,1
b4,1
att,1
behaviour,1
maggots,1
camps,1
etc,1
1811,1
seasons,1
guns,1
least,1
ways,1
london,1
teh,1
loco,1
gas,1
player,1
palestinians,1
9,1
violently,1
bulldoze,1
david,1
24,1
sight,1
rat,1
hot,1
crush,1
replies,1
extended,1
china,1
heat,1
cease,1
20000,1
naked,1
harass,1
saly,1
chink,1
health,1
takin,1
fuckidiot,1
quillacollo,1
censorship,1
beseige,1
unproductive,1
norwegians,1
sever,1
wassup,1
twoofers,1
cuz,1
sister,1
kickin,1
georgie,1
rhobite,1
open,1
area,1
terror,1
slash,1
bottle,1
boxmaybe,1
youi,1
f-ck,1
diiiiiiiiiiid,1
tonight,1
hatin',1
introducing,1
everybody,1
00,1
kidding,1
child,1
supposed,1
copyright,1
pedophiles,1
testicles,1
userpage,1
money,1
homosexuals,1
gorilla,1
foo,1
check,1
importance,1
wreak,1
longer,1
1944,1
sincerely,1
'm,1
niggggguuuuhhhh,1
queens,1
quisling,1
flygayguy649,1
71747640,1
contributions,1
seals,1
hag,1
clayworth,1
social,1
wishes,1
rarghhhh,1
donkey,1
canadian,1
citizen,1
6615819358,1
couple,1
infamous,1
problems,1
access,1
road,1
shoult,1
hairy,1
nasty,1
hahahahahahahaha,1
drinking,1
i’m,1
bettah,1
hundred,1
micks,1
indian-chinese,1
eons,1
wood,1
strongly,1
smile,1
yyou,1
subduing,1
fabric,1
bare,1
inappropriate,1
september,1
damn,1
anthony,1
faith,1
experts,1
cell,1
bowels,1
anti-hispanic,1
jealous,1
bread,1
burns,1
silly,1
task,1
something,1
didn’t,1
quit,1
drugs,1
ebola,1
ashes,1
seen,1
r,1
smack,1
machine,1
falls,1
hypocrite,1
while,1
qamishli,1
karl,1
peice,1
feel,1
pakistant,1
gives,1
beacuse,1
buddy,1
terrible,1
btch,1
deserves,1
vandalism,1
notorious,1
combat,1
messages,1
tires,1
guess,1
hacker,1
anywhere,1
tali-ihantala,1
lit,1
norway,1
arsenal,1
limey,1
slips,1
wants,1
wife,1
spoil,1
horrible,1
corporation,1
wretch,1
pansy,1
wanna-be,1
connect,1
consensus,1
mattison,1
dinosaurs,1
led,1
germany,1
124180167228,1
plow,1
curly,1
incher,1
al-quaeda,1
bump,1
speechwe,1
300,1
large,1
references,1
210498230,1
football,1
jd,1
fking,1
anti-immigrant,1
using,1
dis,1
misery,1
cover,1
di's,1
fan,1
physician,1
bully,1
niggerlover,1
jigsaw,1
conscious,1
wikipediacom,1
implemented,1
corps,1
shovel,1
wazoo,1
america,1
homosexuality,1
i’ll,1
contract,1
obama,1
gates,1
wwe,1
smelly,1
boner,1
cha,1
zillion,1
drive,1
87252167254,1
upset,1
922485159,1
alot,1
trues,1
indefinitely,1
traced,1
yorkers,1
usa,1
months,1
smash,1
680119139,1
bleed,1
shwo,1
prompt,1
bban,1
paychecks,1
mahy,1
saw,1
rio,1
links,1
cocksucker,1
followed,1
hunchback,1
trouble,1
russian,1
disguised,1
coward,1
handle,1
scumbags,1
fans,1
extent,1
indentured,1
knowing,1
additionally,1
french-fried,1
bounce,1
rant,1
avenge,1
dance,1
wrists,1
movie,1
cat,1
dumb-ass,1
worm,1
problem,1
textread,1
freezes,1
growth,1
against,1
rythmic,1
held,1
democrats,1
maashel,1
control,1
glory,1
crashes,1
descendants,1
cuts,1
whenever,1
controlling,1
re-editing,1
homie,1
metros,1
chauvinism,1
balonie,1
beings,1
attacking,1
helo,1
sending,1
navy,1
weare,1
unscrew,1
basement,1
kindly,1
protected,1
ashamed,1
resolution,1
soad,1
jus,1
persons,1
postsedit,1
lives,1
hong,1
tletbrain,1
mustdie,1
told,1
sing,1
hide,1
words,1
contrib,1
pto,1
mutilating,1
rub,1
daniels,1
barack,1
2008,1
homies,1
hunted,1
gift,1
waiting,1
frreaking,1
zhanzhao's,1
inalienable,1
disabled,1
uses,1
adolf,1
behead,1
sit,1
wheel,1
eene,1
fk,1
kiddo,1
ferdinand,1
syed,1
continent,1
significant,1
slobs,1
insane,1
turn,1
prevent,1
hermit,1
dam,1
numbers,1
crack-smoking,1
knockin,1
cow,1
fucklifetime,1
clearly,1
3221021223,1
graduated,1
rfa,1
punishment,1
earthquake,1
bleck,1
picka,1
difficulties,1
shouldnt,1
small,1
5,1
oife,1
speak,1
cathedral,1
moron,1
st47,1
bomb,1
theres,1
computer,1
leaves,1
herin,1
dip,1
stairway,1
himhersef,1
ear,1
siad,1
watched,1
violated,1
events,1
€urotrash,1
extensively,1
j,1
chumpmuhajirs,1
crawl,1
reach,1
overstatement,1
comes,1
puppet,1
near,1
ryulong,1
wank,1
editors,1
bloodthirsty,1
cauterise,1
quite,1
compensate,1
intentionally,1
presented,1
thighs,1
90,1
typed,1
princes,1
cent,1
sign,1
bich,1
meeting,1
weasel,1
feet,1
bourdain,1
unimportant,1
progressive,1
show,1
dozens,1
deletin',1
class,1
dumb,1
bp,1
feelings,1
help,1
toolbag,1
whr,1
constitue,1
miami,1
court,1
higgins,1
andf,1
slaughter,1
certain,1
nottingahm,1
bazemore,1
jimbo's,1
spite,1
mother-fucking,1
sniper,1
giant,1
dipshit,1
feeling,1
shamrock,1
₩hore,1
stabs,1
heri,1
continues,1
aqua,1
shalt,1
publish,1
physical,1
neder,1
dat,1
removing,1
merciless,1
影武者,1
target,1
navel,1
playboy,1
heading,1
lets,1
needs,1
terminated,1
mushrooms,1
retarder,1
terrorize,1
bothering,1
others,1
expires,1
censored,1
muthafucker,1
clue,1
ignore,1
niggardly,1
nolifer,1
tract,1
happens,1
thy,1
limbaugh,1
terrorise,1
poop,1
expert,1
hand,1
fatsos,1
consider,1
tracked,1
known,1
good-for-nothing,1
snide,1
looks,1
maself,1
kariteh,1
drowned,1
retribution,1
discuss,1
heaven,1
crimes,1
mooose,1
niggerly,1
stole,1
trust,1
teen,1
platter,1
hour,1
released,1
finlay,1
sucks,1
writer,1
stopped,1
specifically,1
o,1
jump,1
nazis,1
tryin,1
looser,1
pieces,1
fair,1
spiritually,1
pleasure,1
bye,1
mason,1
he'l,1
furthermore,1
cry,1
fucktard,1
dicrimination,1
finished,1
caus,1
violent,1
falling,1
al,1
frown,1
bagel,1
flaming,1
july,1
cursed,1
directly,1
populace,1
literally,1
business,1
dn,1
chaos,1
topic,1
engulfed,1
couldn’t,1
address,1
sexist,1
nazi,1
exist,1
taxes,1
ass-hxxes,1
antandrus,1
revision,1
andrew,1
sarcasticidealist,1
unarmed,1
brain,1
girls,1
generous,1
researched,1
blowing,1
marines,1
parades,1
israelis,1
po,1
follow,1
turned,1
karelia,1
dda40x,1
wortheless,1
youve,1
havoc,1
founder,1
except,1
commie,1
bullshits,1
alight,1
able,1
grandmother,1
pp,1
epithets,1
suspicions,1
bush,1
stinky,1
fundamentalist,1
owned,1
deep,1
incredible,1
dreadfully,1
retetast,1
stuff,1
buried,1
-jay,1
liveif,1
admins,1
wheelchair,1
fellating,1
roll,1
thaksin,1
unblocklifetime,1
rush,1
sieg,1
sayonarra,1
miners,1
meat,1
matches,1
defiant,1
morton,1
butter,1
beating,1
proof,1
paper,1
8216514451,1
salt,1
sodomize,1
dnt,1
12861128159,1
nottingham,1
cocks,1
raids,1
distance,1
concerned,1
anally,1
sort,1
wrath,1
obviously,1
warfare,1
hurting,1
working,1
murdered,1
2006,1
contents,1
kthx,1
molest,1
lol,1
paid,1
fucks,1
billj,1
uyou,1
raised,1
shalom,1
blockingi,1
papers,1
cannot,1
paste,1
ruler,1
sacrificed,1
alike,1
informing,1
plain,1
fall,1
footsteps,1
bongwarrior,1
anti-gay,1
abuse,1
kkk,1
peel,1
israeli,1
petrol,1
shoulder,1
states,1
nite,1
sheuliboseyahoocom,1
should've,1
sweden,1
muther,1
massive,1
mechanicus,1
hurts,1
frend,1
muslim,1
whop,1
willy-nilly,1
posted,1
separated,1
job,1
wil,1
wi,1
thief,1
delanoys,1
wikipedians,1
bertie,1
arguments,1
7,1
side,1
terroriststhey're,1
byran,1
dogpenisknot,1
karlie's,1
gulf,1
slanderous,1
poor,1
notified,1
shitpoke,1
btw,1
aspie,1
north,1
changin,1
education,1
upside,1
join,1
ckckckck,1
street,1
master,1
samuell,1
knife,1
five,1
bet,1
england,1
changes,1
disputed,1
paying,1
stakes,1
nowadays,1
harassing,1
autoblock,1
welfare-grubbing,1
yank,1
daughter,1
nair-chinned,1
18823179183,1
ireland,1
sons,1
lice,1
savagely,1
lil,1
abnormal,1
quick,1
corpses,1
unblock,1
cum,1
c,1
collect,1
fooled,1
contributing,1
wips,1
involved,1
muzemikes,1
admin,1
dreamjerk,1
reason,1
bill,1
incompetent,1
targeted,1
adeputs,1
swine,1
retarded,1
wwii,1
hahah,1
pleaze,1
champion,1
reverted,1
anti-abortion,1
kidnap,1
tells,1
supreme,1
bulgarian,1
sock,1
dammed,1
willfully,1
thrones,1
fucko,1
firearms,1
scared,1
ridiculous,1
humbles,1
heavyweight,1
seven,1
support,1
whom,1
inconsistent,1
vänlig,1
davejohnsan,1
sould,1
eternity,1
bitches,1
pants,1
spill,1
castrate,1
supported,1
perverted,1
taking,1
worse,1
considered,1
depressed,1
touched,1
locusts,1
drooling,1
appropriate,1
price,1
presence,1
fcking,1
season,1
president,1
theresa,1
gauge,1
faggit,1
available,1
numerous,1
activities,1
viscera,1
career,1
whims,1
zhanzhao,1
honestly,1
funny,1
youuu,1
24th,1
otherwise,1
carefully,1
easily,1
oil,1
orientate,1
crip,1
wikipedia's,1
logical,1
meet,1
pot-smoking,1
thrown,1
withering,1
mental,1
proves,1
fu₵king,1
file,1
know-it-all,1
without,1
testicals,1
ding,1
ruthless,1
undid,1
ruin,1
hälsning,1
stab,1
smoke,1
falcon9x5fin,1
appreciated,1
fckng,1
queef,1
fxxcking,1
tou,1
cities,1
niggard,1
air,1
copy,1
omni,1
policys,1
allison,1
gfuck,1
figures,1
bounty,1
un-edit,1
disease,1
142179122199,1
todayoh,1
suffer,1
150,1
soccer,1
he's,1
registered,1
2004,1
greasy,1
em,1
mouthed,1
arab,1
iiiiiiiiiiiit,1
1230,1
christian,1
issue,1
worst,1
bowel,1
restricting,1
precision,1
propaganda,1
pure,1
holla,1
listings,1
deleted,1
might,1
deletion,1
repeat,1
ravens,1
emerils,1
effort,1
chance,1
selfs,1
taste,1
anti-seℳites,1
smith,1
disputes,1
excuse,1
bose,1
firmly,1
american,1
supports,1
lyin,1
somehow,1
wite,1
lose,1
walter's,1
wasn't,1
protection,1
worked,1
weeks,1
bold,1
warned,1
phone,1
efforts,1
poofter,1
personso,1
welcome,1
you1,1
running,1
devouring,1
bartlet,1
russkie,1
asked,1
always,1
walkin,1
holocaut,1
team,1
guy,1
dreams,1
daggers,1
contacting,1
brazil,1
vandalize,1
net,1
genocide,1
project,1
d,1
yourself824110797,1
lubed,1
vodka,1
across,1
dig,1
straight,1
opponents,1
tv,1
hugbox,1
bleeding,1
subject,1
asia-africa,1
contribute,1
via,1
sticky,1
armed,1
bein,1
different,1
psychos,1
tommorrow,1
dictator,1
ma,1
fuckface,1
world-peace,1
failed,1
dong,1
parodie,1
province,1
comprehend,1
deface,1
chinese,1
bruh,1
clay,1
annoyingly,1
geezer,1
tea,1
sucking,1
that’s,1
libel,1
pandering,1
awwwwwwwwwwws,1
rip,1
stalking,1
tone,1
morrow,1
autobot,1
canuck,1
butterknife,1
simple,1
luck,1
anti-semites,1
complete,1
bastards,1
energy,1
existed,1
buck,1
school,1
door,1
fugly,1
far,1
niggered,1
-sincerely,1
psycho,1
ovaries,1
young,1
91108192125,1
i’ve,1
action,1
fellow,1
fought,1
marine,1
mutherfuckng,1
basic,1
knew,1
haha,1
opinion,1
allowed,1
they'll,1
proceed,1
denied,1
unholy,1
savaging,1
exactly,1
times,1
mexican,1
expression,1
mate,1
wiped,1
gooooooooooooood,1
sick,1
huldra,1
boyfriend's,1
dunt,1
achieved,1
scopes,1
number,1
republican,1
likes,1
spews,1
gladys,1
machina,1
apply,1
deal,1
ridicilous,1
3rr,1
247,1
rights,1
following,1
carry,1
stalin,1
sarchastic,1
diet,1
requested,1
manner,1
'er,1
babymaker,1
13,1
rather,1
obsessed,1
liberal,1
bodie,1
dildo,1
similar,1
yandman's,1
living,1
delete-ist,1
deskana,1
sincere,1
wasnt,1
toughhead,1
wtf,1
vandalise,1
muthafucka,1
stuck,1
speech,1
curtains,1
che,1
destroying,1
part,1
dirt,1
isn't,1
grave,1
rapping,1
media,1
politely,1
brighton,1
rid,1
paved,1
“clever”,1
foreign,1
anti-semite,1
jeff,1
motherfukkin,1
shup,1
unblockunblock,1
incorrect,1
brazilian,1
6ft,1
underaged,1
spend,1
kong,1
episode,1
minority,1
cunts,1
spies,1
dienew,1
afterwards,1
no-one,1
prohibits,1
trace,1
wale,1
affect,1
100,1
bedroom,1
consistent,1
lies,1
finish,1
slow,1
behind,1
esophagus,1
brybon,1
repulsive,1
paki,1
george,1
buddies,1
saturday,1
redneck,1
whores,1
jockstrap,1
bag,1
complaints,1
licker,1
conndoms,1
eyeballs,1
nicholas,1
drip,1
sometimes,1
kills,1
understandefore,1
special,1
dear,1
myself,1
arent,1
interactions,1
personally,1
state,1
belong,1
automatically,1
your﻿,1
sanctimonious,1
billcjs,1
lmfao,1
ok,1
arminian,1
moroccan,1
ti,1
dey,1
i'ma,1
ayour,1
lunatic,1
iranian,1
refuses,1
anti-scientific,1
truly,1
two,1
vop,1
621587753,1
bags-zack,1
member,1
brick,1
112supertr0ll,1
radio,1
network,1
animals,1
cockmaster,1
mine,1
cockmuncher,1
wikipedian,1
demonte,1
peeps,1
blue,1
hop,1
lowly,1
uglier,1
sheuli,1
sore,1
bret,1
yapping,1
lock,1
chest,1
meaningless,1
islam,1
removed,1
attacks,1
hehe,1
fury,1
gave,1
bridge,1
truck,1
refrain,1
boys,1
african,1
iran,1
wahahah,1
eidt,1
geek,1
ripper,1
suspect,1
