i,1524
you,1284
die,1019
ass,735
will,577
to,458
kill,412
and,375
the,294
your,266
going,254
am,248
if,197
a,186
yourself,173
must,165
jim,158
wales,157
supertr0ll,147
it,134
ban,131
of,129
in,127
murder,105
block,101
dont,100
page,93
edie,90
di,90
live,88
fucking,88
fuck,82
talk,80
pathetic,80
that,79
my,78
forever,78
im,75
respect,75
on,74
fool,74
rvv,68
out,67
are,67
blank,67
me,66
be,65
is,64
fuckin,64
lifetime,58
for,49
go,48
do,47
continue,46
with,45
this,44
off,43
youcaltlas,42
have,42
,41
ill,40
again,40
gonna,40
bitch,40
get,39
shit,38
or,38
u,36
all,36
over,35
hope,34
take,33
up,31
youre,30
not,30
so,30
wanta,29
bail,29
what,29
beavis,29
jessica,29
simpson,29
butthead,29
moonshine,28
niggaz,28
420,28
life,27
just,27
like,27
fuckunblocklifetime,27
no,27
rape,26
an,26
-,26
caltlas,26
filter,25
hell,25
dust,25
steal,24
who,24
password,24
down,24
then,24
as,23
from,22
time,22
about,21
know,21
fat,21
should,21
stop,21
by,21
can,20
see,20
wikipedia,19
at,19
but,19
death,18
piece,18
think,18
they,17
hate,17
where,17
more,16
why,16
come,16
one,16
now,15
find,15
he,15
people,15
bastard,15
right,14
because,14
face,14
little,13
good,13
being,13
them,13
we,13
edits,13
dead,13
been,13
burn,13
dick,13
his,13
house,13
mother,13
stupid,12
ya,12
would,12
user,12
faggot,12
want,12
article,12
was,12
delete,12
wheelchairi,12
shoot,11
cunt,11
back,11
how,11
her,10
loser,10
give,10
please,10
last,10
fire,10
world,10
head,10
ever,10
big,10
gay,10
family,10
into,9
every,9
cut,9
fucker,9
wont,9
never,9
has,9
some,9
billcj,9
its,9
even,9
edit,9
next,9
here,9
asshole,9
than,9
when,9
did,9
cant,9
watch,9
white,9
there,9
need,8
articles,8
well,8
ur,8
other,8
which,8
were,8
wish,8
work,8
deleting,8
any,8
raped,8
make,8
killed,8
8d-,8
gun,7
after,7
got,7
day,7
thats,7
such,7
editing,7
said,7
until,7
away,7
him,7
eat,7
keep,6
already,6
read,6
understand,6
hey,6
warning,6
kick,6
blocked,6
yo,6
fact,6
dare,6
man,6
once,6
god,6
thing,6
jack,6
grandma,6
yardie,6
their,6
before,6
punch,6
worthless,6
way,6
destroy,6
seriously,6
put,6
hello,5
believe,5
anyone,5
call,5
only,5
vagina,5
really,5
long,5
ugly,5
shot,5
cancer,5
balls,5
nothing,5
bloody,5
could,5
much,5
wiki,5
things,5
stay,5
wrote,5
reverting,5
blocking,5
our,5
son,5
heart,5
better,5
idiot,5
also,5
alive,5
suck,5
earth,5
blood,5
revert,5
planet,5
2,5
cus,5
leave,5
ip,5
try,5
undoing,5
aint,5
queer,4
says,4
prick,4
youll,4
free,4
suggest,4
deserve,4
goddamn,4
whole,4
someone,4
hours,4
upon,4
top,4
evil,4
slowly,4
say,4
knock,4
old,4
sayin,4
fun,4
jujube,4
human,4
around,4
terri,4
penis,4
mom,4
motherfucker,4
stabbing,4
fag,4
pages,4
laugh,4
cp,4
location,4
3,4
muhajirs,4
track,4
play,4
cock,4
person,4
jujubedestroy,4
children,4
shall,4
friends,4
retards,4
jew,4
ive,4
yes,4
hang,4
came,4
maybe,4
alone,4
bullshit,4
hunt,4
wrong,4
account,4
jujubefuck,4
those,4
crap,4
either,4
new,4
instead,4
painful,4
comment,4
talking,4
hard,4
first,4
shut,4
change,4
beat,4
entire,4
disgusting,4
wikipediadeath,4
bad,4
hi,4
wit,4
true,4
youve,4
wouldnt,4
wikipediadestroy,4
through,4
kind,3
shitty,3
sleep,3
offended,3
doing,3
mean,3
reverts,3
wanna,3
soul,3
called,3
boy,3
ips,3
arent,3
notices,3
internet,3
real,3
nigger,3
black,3
nigga,3
content,3
neck,3
heil,3
send,3
personal,3
hopefully,3
yeah,3
important,3
plank,3
information,3
care,3
thank,3
whoever,3
homosexual,3
da,3
step,3
annoying,3
nerd,3
pain,3
look,3
threaten,3
spent,3
throw,3
bit,3
full,3
christians,3
tell,3
thanks,3
rot,3
few,3
drop,3
bring,3
afraid,3
friend,3
listen,3
start,3
piss,3
twat,3
pray,3
deletin,3
scum,3
ps,3
round,3
makes,3
too,3
minutes,3
wat,3
ignorant,3
saying,3
best,3
hitler,3
years,3
jewish,3
images,3
single,3
cause,3
message,3
probably,3
coming,3
shows,3
website,3
same,3
fucked,3
end,3
order,3
great,3
throat,3
wow,3
war,3
looking,3
skin,3
us,3
making,3
point,3
rule,3
wanker,3
another,3
ahead,3
oh,3
hear,3
bang,3
miserable,3
everyone,3
bigger,3
name,3
had,3
fagget,3
sorry,3
very,3
own,3
site,3
may,3
you’re,3
favor,3
self,3
jews,3
anymore,3
girl,3
sad,3
americans,3
painfully,3
dog,3
humanity,2
search,2
ll,2
filthy,2
eyes,2
front,2
butt,2
pussy,2
id,2
commit,2
bots,2
these,2
skull,2
effect,2
pig,2
storm,2
year,2
singapore,2
speedy,2
4,2
guys,2
choice,2
tour,2
irish,2
correct,2
gets,2
email,2
hunger,2
dis,2
pit,2
killing,2
anything,2
insult,2
huh,2
grow,2
wack,2
stomp,2
douche,2
uk,2
urself,2
jerk,2
blow,2
couldnt,2
done,2
under,2
finally,2
vile,2
slime,2
dies,2
sir,2
robe,2
vito,2
ruined,2
pits,2
niggers,2
church,2
yours,2
e,2
serve,2
body,2
award,2
6,2
acting,2
multiple,2
anus,2
joke,2
men,2
fiery,2
return,2
biggest,2
sent,2
whats,2
warcraft,2
favour,2
army,2
commenting,2
car,2
lonely,2
suicide,2
secret,2
doesnt,2
urinate,2
anti-vandalism,2
finland,2
bash,2
ima,2
rapper,2
bombed,2
period,2
surgery,2
retard,2
yuo,2
vandolism,2
useless,2
happen,2
semite,2
hands,2
moments,2
nickel,2
dude,2
slit,2
undo,2
sucker,2
jizz,2
learn,2
three-revert,2
kid,2
trained,2
intentions,2
race,2
criminal,2
members,2
wipes,2
kids,2
major,2
party,2
wipe,2
tight,2
splatter,2
wear,2
execution-style,2
protecting,2
stand,2
dispute,2
days,2
torture,2
stabbed,2
within,2
peoples,2
snitch,2
future,2
given,2
hippie,2
mark,2
violating,2
word,2
guttyboy3d,2
asyriac,2
sure,2
assholes,2
aaron,2
half,2
goodbye,2
corpse,2
dirty,2
guttyboy3daolcom,2
troll,2
40000,2
sex,2
lot,2
vengance,2
motherfuckers,2
policies,2
force,2
15,2
revenge,2
summer,2
mad,2
cares,2
utc,2
bout,2
nice,2
horribly,2
w,2
arrange,2
pity,2
wikistalking,2
prepare,2
whore,2
users,2
forces,2
10,2
fuckwit,2
crew,2
less,2
foolsupertr0ll,2
tool,2
ago,2
inbred,2
onto,2
mum,2
blacks,2
crash,2
makin,2
pets,2
ground,2
shouldnt,2
orders,2
reversions,2
three,2
spare,2
rest,2
repeatedly,2
gross,2
pineapple,2
warring,2
nation,2
use,2
racist,2
faggots,2
actually,2
brains,2
mr,2
iamthecoinman,2
sam,2
trash,2
used,2
angry,2
satan,2
beats,2
choke,2
wait,2
express,2
invading,2
nobody,2
set,2
re,2
swartz,2
teeth,2
warhammer,2
drown,2
arse,2
dumbass,2
everything,2
else,2
hoping,2
bunch,2
pull,2
seems,2
both,2
violate,2
attack,2
ki,2
♠μōōšε♠,2
feed,2
hack,2
place,2
remove,2
hit,2
college,2
claim,2
arrogant,2
shithead,2
parents,2
threat,2
serious,2
pulp,2
shove,2
enjoy,2
remember,2
prang,2
homo,2
barnstar,2
lame,2
love,2
group,2
douchebag,2
honkey,2
sucka,2
left,2
boi,2
warn,2
12,2
didnt,2
swear,2
sue,2
truth,2
d€ath,2
buisness,2
issues,2
rude,2
fascist,2
kiss,2
confirmed,2
hated,2
heard,2
found,2
rules,2
hurt,2
freedom,2
myles,2
showers,2
hair,2
today,2
roast,2
sonek,2
chick,2
light,2
unless,2
strangle,2
honesty,2
iraq,2
stick,2
memorable,2
matter,2
perish,2
t,2
limb,2
noob,2
wasnt,2
night,2
achieved,1
hel,1
upset,1
rather,1
violently,1
descendants,1
engulfed,1
liveif,1
truck,1
isis,1
loco,1
uses,1
side,1
speech,1
myself,1
680119139,1
corps,1
vop,1
beacuse,1
sexist,1
brighton,1
buddy,1
puppet,1
falcon9x5fin,1
net,1
ways,1
sniper,1
undid,1
obviously,1
delete-ist,1
jump,1
pandering,1
cocks,1
bloodthirsty,1
physician,1
flaming,1
papers,1
dumb,1
holocaut,1
scopes,1
ignore,1
retarded,1
rapping,1
fucktard,1
straight,1
che,1
truly,1
muther,1
terrorism,1
antandrus,1
nu-metal,1
24,1
mustdie,1
621587753,1
suffer,1
via,1
inconsistent,1
taxes,1
sick,1
mexican,1
thrones,1
anf,1
went,1
spies,1
hayes,1
mailman,1
feet,1
repulsive,1
nasty,1
moto,1
turn,1
opinion,1
ding,1
implemented,1
movie,1
hong,1
finish,1
georgie,1
guts,1
punishment,1
13,1
turned,1
pedophiles,1
wikipediacom,1
orientate,1
tonight,1
sincerly,1
chinese,1
ripper,1
demonte,1
merciless,1
fu₵king,1
ma,1
kitten,1
copy,1
guess,1
faggit,1
barnabay,1
247,1
near,1
mine,1
spend,1
american,1
mobile,1
drinking,1
roll,1
sheuli,1
navy,1
210498230,1
repeat,1
glory,1
england,1
career,1
paki,1
states,1
funny,1
retetast,1
arminian,1
dozens,1
refrain,1
somehow,1
anti-seℳites,1
chance,1
ridiculous,1
christian,1
dirt,1
ediot,1
significant,1
changin,1
money,1
paste,1
rio,1
feel,1
anti-gay,1
subduing,1
obsessed,1
nazi,1
peel,1
compensate,1
bleed,1
supports,1
3221021223,1
mason,1
gift,1
cover,1
banned,1
slaughter,1
protected,1
crawl,1
fucks,1
phone,1
additionally,1
nowadays,1
commie,1
whr,1
president,1
extent,1
gangsta,1
autoblock,1
eons,1
higgins,1
province,1
medicine,1
september,1
sayonarra,1
lit,1
whenever,1
salt,1
worst,1
join,1
bulldoze,1
naked,1
education,1
heaven,1
slanderous,1
tryin,1
sock,1
todayoh,1
bullshits,1
trust,1
ireland,1
joined,1
“clever”,1
billj,1
letterbox,1
takin,1
18823179183,1
6ft,1
re-editing,1
20000,1
chest,1
jockstrap,1
marine,1
ckckckck,1
dildo,1
wil,1
nottingham,1
sucking,1
taking,1
spite,1
target,1
seen,1
led,1
falling,1
taste,1
furthermore,1
hunted,1
protection,1
machine,1
textread,1
bully,1
radio,1
影武者,1
likes,1
personso,1
daniels,1
accordance,1
regarding,1
soil,1
camps,1
meaningless,1
frreaking,1
mooose,1
jus,1
niggard,1
censorship,1
animals,1
wortheless,1
hypocrite,1
peice,1
introducing,1
help,1
misery,1
d,1
raised,1
butter,1
chauvinism,1
yank,1
someday,1
slobs,1
avenge,1
sending,1
spiritually,1
blurb,1
morrow,1
tou,1
1,1
carry,1
kiddo,1
maggot,1
rights,1
address,1
nationalist,1
hide,1
something,1
luck,1
mess,1
annoyingly,1
suspicions,1
anally,1
defiant,1
sons,1
refernce,1
lil,1
vandalize,1
wahahah,1
longer,1
disabled,1
world-peace,1
owned,1
directly,1
brick,1
platter,1
fcking,1
teh,1
5,1
cockmuncher,1
belong,1
giant,1
firmly,1
democrats,1
clayworth,1
pleaze,1
aqua,1
prohibits,1
wassup,1
12861128159,1
social,1
involved,1
bold,1
china,1
consensus,1
hes,1
btch,1
george,1
meat,1
pakistant,1
parodie,1
wikize,1
prevent,1
maself,1
told,1
miami,1
anti-abortion,1
freezes,1
home,1
girls,1
hot,1
removing,1
typed,1
hurting,1
wrists,1
bowel,1
sweden,1
know-it-all,1
stairway,1
cathedral,1
dipshit,1
prison,1
fabric,1
slap,1
zillion,1
whop,1
gives,1
contributions,1
curly,1
homosexuals,1
gladys,1
boner,1
awhile,1
rhobite,1
ass-hxxes,1
i’m,1
separated,1
pure,1
scared,1
wishes,1
soad,1
task,1
contract,1
poofter,1
rid,1
uneducated,1
finlay,1
fxxcking,1
street,1
bedroom,1
pieces,1
hugbox,1
retarder,1
except,1
court,1
morton,1
policys,1
cry,1
twoofers,1
bban,1
wite,1
bottle,1
considered,1
i’ll,1
finished,1
sticky,1
inalienable,1
exactly,1
logical,1
burns,1
300,1
havoc,1
bailey,1
islam,1
pot-smoking,1
thighs,1
media,1
slow,1
smelly,1
pto,1
complete,1
reach,1
good-for-nothing,1
cell,1
indefinitely,1
totally,1
quite,1
sometimes,1
area,1
tevapedias,1
bone,1
wwii,1
clay,1
fan,1
champion,1
muslim,1
died,1
datz,1
2004,1
bazemore,1
warned,1
wips,1
yapping,1
youi,1
large,1
proud,1
tracked,1
greasy,1
fuckidiot,1
footsteps,1
mental,1
ebola,1
bomb,1
jigsaw,1
precision,1
disputed,1
iran,1
tires,1
miners,1
cleaning,1
paid,1
hurts,1
anti-scientific,1
unarmed,1
graduated,1
muthafucker,1
heavyweight,1
seven,1
fair,1
daggers,1
libel,1
republican,1
j,1
cracker,1
wtf,1
words,1
stinky,1
abnormal,1
abuse,1
viscera,1
hermit,1
bartlet,1
fellating,1
experts,1
sarchastic,1
following,1
air,1
deleted,1
sing,1
dear,1
whims,1
trues,1
bare,1
previous,1
available,1
150,1
underaged,1
two,1
season,1
sanctimonious,1
master,1
foreign,1
nicholas,1
balonie,1
stalking,1
tommorrow,1
member,1
shitpoke,1
retribution,1
stabs,1
removed,1
lives,1
norway,1
dammed,1
horrible,1
bp,1
qamishli,1
seasons,1
united,1
mattison,1
hand,1
stroke,1
wazoo,1
terrible,1
bag,1
bitches,1
hop,1
incher,1
attacks,1
homies,1
syed,1
gfuck,1
thief,1
eene,1
hag,1
ruin,1
drugs,1
opponents,1
admin,1
fellow,1
open,1
able,1
rfa,1
everybody,1
harassing,1
kindly,1
httpwikiuschallengecoinscommainpage,1
chumpmuhajirs,1
thaksin,1
specifically,1
fought,1
lies,1
nair,1
refuses,1
presented,1
bye,1
you1,1
soon,1
most,1
savaging,1
fking,1
humbles,1
dey,1
heat,1
impaled,1
maashel,1
foul,1
trace,1
combat,1
anywhere,1
eidt,1
kidnap,1
monitors,1
babymaker,1
tali-ihantala,1
arsenal,1
dance,1
wank,1
smith,1
falls,1
palestinians,1
fatsos,1
placed,1
lets,1
perform,1
locusts,1
paper,1
basement,1
smash,1
highest,1
that’s,1
door,1
french-fried,1
liberal,1
weeks,1
psycho,1
spill,1
supreme,1
quit,1
princes,1
24th,1
cent,1
slips,1
insane,1
castrate,1
behaviour,1
figures,1
politically,1
welfare-grubbing,1
cuts,1
reason,1
worse,1
america,1
certain,1
populace,1
episode,1
walkin,1
state,1
postsedit,1
disease,1
hahah,1
pl0x,1
mother-fucking,1
andrew,1
metros,1
smack,1
produced,1
number,1
rub,1
zhanzhaos,1
russkie,1
psychos,1
samuell,1
chink,1
dienew,1
brybon,1
micks,1
fucko,1
bertie,1
nottingahm,1
9,1
contents,1
barack,1
poor,1
brazil,1
al,1
3rr,1
issue,1
bourdain,1
unscrew,1
politely,1
huldra,1
wheel,1
bush,1
bill,1
slash,1
needs,1
jd,1
blowing,1
plain,1
niggered,1
pansy,1
anti-semites,1
autobot,1
dictator,1
behind,1
beseige,1
vandalise,1
action,1
hahahahahahahaha,1
ruler,1
enough,1
afterwards,1
userpage,1
lyin,1
sincerely,1
142179122199,1
bleeding,1
sever,1
meet,1
team,1
wrath,1
guns,1
cat,1
scumbags,1
buddies,1
contribute,1
school,1
errors,1
known,1
small,1
vänlig,1
welcome,1
warfare,1
holla,1
siad,1
marines,1
held,1
problems,1
allison,1
grandmother,1
health,1
paychecks,1
oife,1
released,1
effort,1
drip,1
wiped,1
terrorise,1
guy,1
kkk,1
kong,1
persons,1
waiting,1
using,1
centuries,1
hälsning,1
cannot,1
mouthed,1
100,1
unblocklifetime,1
failed,1
neder,1
posted,1
rip,1
teen,1
comprehend,1
poop,1
karl,1
dat,1
brain,1
player,1
contrib,1
worked,1
chaos,1
problem,1
parent,1
five,1
lmfao,1
sheuliboseyahoocom,1
gas,1
conndoms,1
honestly,1
unproductive,1
lunatic,1
meeting,1
followed,1
revision,1
mate,1
working,1
geezer,1
efforts,1
informing,1
buck,1
yorkers,1
presence,1
iranian,1
bags-zack,1
activities,1
theresa,1
testicles,1
tings,1
servitude,1
boss,1
wale,1
across,1
tells,1
brazilian,1
vandalism,1
prompt,1
byran,1
asia-africa,1
wretch,1
mutherfuckng,1
thieves,1
country,1
devouring,1
happy,1
inappropriate,1
bothering,1
rush,1
eyeballs,1
2006,1
cocksucker,1
paying,1
f-ck,1
intentionally,1
tongue,1
ghetto,1
terrorize,1
wwe,1
least,1
north,1
attempts,1
anti-hispanic,1
importance,1
ti,1
gooooooooooooood,1
wikipedias,1
bulgarian,1
wanna-be,1
check,1
dunt,1
ridicilous,1
sister,1
behead,1
helo,1
wikipedian,1
running,1
consider,1
messages,1
genocide,1
comics,1
assclown,1
sight,1
obama,1
football,1
112supertr0ll,1
willy-nilly,1
massive,1
personally,1
courtesy,1
dreamjerk,1
r,1
disputes,1
ovaries,1
lowly,1
shwo,1
uyou,1
8216514451,1
limbaugh,1
omni,1
cuz,1
gorilla,1
special,1
theyll,1
niggerlover,1
donkey,1
picka,1
concerned,1
quick,1
contributing,1
razors,1
swarms,1
simple,1
cum,1
emerils,1
gulf,1
mahy,1
proves,1
moroccan,1
anti-black,1
lazy,1
niggggguuuuhhhh,1
wreak,1
fuckface,1
boyfriends,1
1811,1
att,1
dig,1
unimportant,1
weare,1
haha,1
silly,1
ok,1
manner,1
pants,1
broke,1
smoke,1
fugly,1
beaten,1
distance,1
against,1
numbers,1
comes,1
ud,1
israeli,1
notorious,1
sit,1
listings,1
resolution,1
kno,1
testicals,1
smile,1
queef,1
sacrificed,1
niggerly,1
deface,1
kills,1
expression,1
israelis,1
etc,1
child,1
alike,1
sucks,1
quisling,1
difficulties,1
drowned,1
corpses,1
himhersef,1
saw,1
-sincerely,1
stalin,1
blue,1
al-quaeda,1
playboy,1
shup,1
knowing,1
sodomize,1
discuss,1
links,1
threatening,1
sould,1
st47,1
bet,1
6615819358,1
asked,1
o,1
shouldve,1
saly,1
passing,1
frend,1
heri,1
shalom,1
show,1
c,1
whores,1
controlling,1
unblock,1
mothafucka,1
your﻿,1
bought,1
indian-chinese,1
sieg,1
knew,1
dinosaurs,1
works,1
-jay,1
worm,1
alot,1
window,1
rat,1
muthafucka,1
awwwwwwwwwwws,1
hole,1
cha,1
dip,1
2008,1
drive,1
rarghhhh,1
mushrooms,1
er,1
gauge,1
delanoys,1
bruh,1
weasel,1
armed,1
different,1
ashamed,1
vodka,1
creature,1
expires,1
anytime,1
business,1
lice,1
progressive,1
boxmaybe,1
proverbial,1
willfully,1
germany,1
without,1
tv,1
weight,1
freak,1
firearms,1
reverted,1
registered,1
morales,1
didn’t,1
karlies,1
yandmans,1
jeff,1
deletion,1
savagely,1
eternity,1
foo,1
cities,1
flygayguy649,1
deal,1
terror,1
stuff,1
indentured,1
em,1
complaints,1
beings,1
dogpenisknot,1
bounty,1
david,1
automatically,1
cunts,1
nite,1
andf,1
usa,1
91108192125,1
ryulong,1
july,1
shovel,1
homie,1
perverted,1
motherfukkin,1
denied,1
shoulder,1
part,1
months,1
crimes,1
navel,1
others,1
homosexuality,1
butterknife,1
infamous,1
incompetent,1
replies,1
adeputs,1
events,1
1944,1
sarcasticidealist,1
spews,1
toughhead,1
dam,1
always,1
hundred,1
lose,1
cease,1
growth,1
wood,1
soccer,1
don,1
clue,1
shalt,1
124180167228,1
attacking,1
alight,1
bret,1
cockmaster,1
yourself824110797,1
aspie,1
tea,1
71747640,1
african,1
violated,1
jimbos,1
90,1
ayour,1
caus,1
reasons,1
boys,1
raids,1
stopped,1
kidding,1
un-edit,1
rythmic,1
collect,1
922485159,1
researched,1
absolutely,1
evidence,1
fundamentalist,1
niggardly,1
seals,1
depressed,1
censored,1
price,1
literally,1
karelia,1
matches,1
coward,1
allowed,1
nazis,1
wikipedians,1
toolbag,1
geek,1
control,1
queens,1
fury,1
beating,1
young,1
arab,1
spoil,1
curtains,1
consistent,1
unblockunblock,1
excuse,1
diet,1
nair-chinned,1
no-one,1
cursed,1
crack-smoking,1
publish,1
mutilating,1
pp,1
hunchback,1
bettah,1
buried,1
lubed,1
minority,1
unholy,1
wi,1
nolifer,1
gave,1
drooling,1
1230,1
rant,1
crashes,1
bridge,1
times,1
outside,1
many,1
canadian,1
esophagus,1
changes,1
far,1
appreciated,1
physical,1
knife,1
introduce,1
class,1
iiiiiiiiiiiit,1
87252167254,1
existed,1
norwegians,1
bread,1
ruthless,1
bongwarrior,1
looks,1
machina,1
ear,1
hatin,1
bich,1
deskana,1
swine,1
mahonerz,1
youuu,1
interactions,1
anthony,1
wants,1
fans,1
arguments,1
tone,1
stab,1
deep,1
davejohnsan,1
quillacollo,1
might,1
hehe,1
redneck,1
cauterise,1
follow,1
propaganda,1
feelings,1
molest,1
leaves,1
deserves,1
technically,1
wife,1
returned,1
editors,1
bose,1
dumb-ass,1
computer,1
clearly,1
yyou,1
watched,1
dreams,1
licker,1
bastards,1
daughter,1
numerous,1
hacker,1
supposed,1
moron,1
dicrimination,1
suspect,1
job,1
oil,1
proof,1
dreadfully,1
founder,1
graeme,1
contacting,1
paved,1
fall,1
russian,1
support,1
peeps,1
terminated,1
couple,1
00,1
london,1
happens,1
mechanicus,1
fucklifetime,1
blockingi,1
bleck,1
knockin,1
7,1
epithets,1
references,1
earthquake,1
grave,1
carefully,1
trouble,1
shoving,1
anti-semite,1
apply,1
bagel,1
dong,1
restricting,1
canuck,1
€urotrash,1
sort,1
heading,1
whom,1
bein,1
incredible,1
destroying,1
bowels,1
jealous,1
hairy,1
supported,1
thy,1
disguised,1
access,1
parades,1
fk,1
faith,1
tract,1
subject,1
furnace,1
overstatement,1
shamrock,1
sincere,1
i’ve,1
required,1
speak,1
billcjs,1
crush,1
extensively,1
exist,1
bounce,1
handicaped,1
notified,1
easily,1
petrol,1
thru,1
bags,1
fooled,1
frown,1
network,1
adolf,1
muzemikes,1
₩hore,1
targeted,1
incorrect,1
fckng,1
continent,1
m,1
affect,1
understandefore,1
lock,1
energy,1
ravens,1
btw,1
kariteh,1
bump,1
sore,1
sign,1
anti-immigrant,1
hour,1
city,1
gates,1
music,1
stuck,1
appropriate,1
connect,1
stakes,1
saturday,1
generous,1
corporation,1
constitue,1
thrown,1
herin,1
stole,1
strongly,1
zhanzhao,1
diiiiiiiiiiid,1
tletbrain,1
dda40x,1
zimzalabim,1
touched,1
report,1
harass,1
living,1
project,1
couldn’t,1
handle,1
otherwise,1
file,1
bodie,1
note,1
terroriststheyre,1
road,1
murdered,1
ferdinand,1
accountsuprise,1
shoult,1
feeling,1
violent,1
plow,1
copyright,1
lol,1
requested,1
wheelchair,1
extended,1
admins,1
cow,1
po,1
crip,1
citizen,1
snide,1
expert,1
walters,1
while,1
speechwe,1
damn,1
topic,1
proceed,1
kickin,1
isnt,1
maggots,1
traced,1
dnt,1
ashes,1
theres,1
looser,1
continues,1
weird,1
kthx,1
basic,1
uglier,1
upside,1
selfs,1
lights,1
writer,1
dn,1
limey,1
similar,1
b4,1
high,1
conscious,1
withering,1
pleasure,1
